W,N,seed,variant,phi_total,solve_ms,cross_cabin_ratio,cross_layer_ratio,sla,infeas_rate,phi_rep,phi_load,phi_cab,phi_sec
10,50,0,Ours,115.39754995875332,3.2152077183127403,0.82,0.34,4850.279000255588,0.0,35.68962041736824,35.82852621362115,3.829403327763947,40.050000000000004
10,50,0,NoRep,111.22480055164816,0.7491670548915863,0.86,0.3,2705.1947279244714,0.0,36.15943388893977,33.25675776846578,3.1586088942426347,38.65
10,50,0,NoPred,120.78175199317292,0.6718332879245281,0.26,0.34,4650.8398221379775,0.0,35.62553839728982,41.76878191277618,2.987431683106935,40.4
10,50,0,NoCabin,117.07841173561641,0.6990828551352024,0.86,0.38,6707.346067927894,0.0,35.032525034435764,37.24807005201617,3.3478166491645225,41.45
10,50,0,NoSec,112.25005767149817,0.7048752158880234,0.84,0.36,5030.77199592921,0.0,35.07389200115131,34.9535194812441,3.922646189102776,38.3
10,50,0,FlatCCF,73.62065008211749,0.41112489998340607,1.0,1.0,0.0,0.0,42.149345414779184,19.870824567808935,2.000480099529375,9.599999999999998
10,50,0,GreedyByLoad,128.12531671008026,0.20462507382035255,0.74,0.36,8141.57300586872,0.0,32.714540065707546,44.931049869620395,4.829726774752327,45.65
10,50,0,FirstFit,85.7203587184309,0.3439169377088547,0.86,0.78,655.4622720298046,0.0,40.16068063494755,25.492589901972934,2.0670881815104103,18.0
10,50,0,Random,119.03169469962526,0.2609160728752613,0.8,0.34,5295.759824883558,0.0,34.647106455365524,39.022632228668385,3.9119560155913455,41.45
10,50,1,Ours,107.54280227617855,0.767124816775322,0.74,0.32,3625.6918273717947,0.0,36.76905799882254,35.63149822462475,2.542246052731243,32.6
10,50,1,NoRep,105.01894290786993,0.6852499209344387,0.74,0.3,2463.524271598667,0.0,36.66722234959113,34.60865681963556,2.5430637386432355,31.2
10,50,1,NoPred,108.58389680200756,0.63316710293293,0.26,0.3,2466.073078761583,0.0,37.037004222301434,36.838655536475635,2.1082370432305044,32.6
10,50,1,NoCabin,107.66631486596158,0.6888331845402718,0.78,0.32,3616.2021678131578,0.0,36.72073303766791,35.77107164532438,3.274510182969288,31.9
10,50,1,NoSec,104.13391731293153,0.7182504050433636,0.74,0.3,2715.4186686377916,0.0,36.733529742631994,34.360203951207914,2.1901836190916173,30.849999999999998
10,50,1,FlatCCF,71.32669763408737,0.39999978616833687,1.0,1.0,0.0,0.0,42.65917683509464,19.011362680602286,1.5561581183904392,8.099999999999998
10,50,1,GreedyByLoad,118.49660305021958,0.203792005777359,0.8,0.34,6351.429057597935,0.0,34.48398545251241,42.388231428135505,4.474386169571666,37.150000000000006
10,50,1,FirstFit,81.76209387574809,0.31454116106033325,0.94,0.76,13.14236341377196,0.0,41.11780860284028,23.220116403255282,1.6241688696525358,15.799999999999997
10,50,1,Random,112.38111005798362,0.23262528702616692,0.84,0.26,3333.724450371139,0.0,35.67718204547272,38.56964675469162,2.734281257819293,35.4
10,50,2,Ours,105.6399157924867,0.6955000571906567,0.76,0.36,5746.814324233288,0.0,36.17903629126081,35.50895125031763,3.801928250908244,30.15
10,50,2,NoRep,102.51049248176648,0.6897919811308384,0.78,0.32,3459.1191015451104,0.0,36.242395018968764,32.69440582888003,3.773691633917671,29.8
10,50,2,NoPred,109.37124922292062,0.6456249393522739,0.26,0.36,5403.254960648044,0.0,36.12200101953834,38.95255032052836,4.146697882853919,30.150000000000002
10,50,2,NoCabin,106.15599816580166,0.7005841471254826,0.88,0.36,5732.047037670813,0.0,36.21960946454758,34.56357304792917,5.572815653324906,29.800000000000004
10,50,2,NoSec,104.73588185384145,0.6700842641294003,0.8,0.38,6476.415038225039,0.0,35.45904277976948,35.44443883500603,4.3824002390659365,29.45
10,50,2,FlatCCF,70.04718322340752,0.40287524461746216,1.0,1.0,0.0,0.0,42.39884645036976,18.05682063646487,2.1915161365728806,7.399999999999998
10,50,2,GreedyByLoad,118.58182156722278,0.1982920803129673,0.84,0.38,9960.384148105315,0.0,33.75816315592731,44.795672847908094,7.427985563387364,32.6
10,50,2,FirstFit,89.09782063176056,0.31949998810887337,0.92,0.76,4277.076775413524,0.0,39.74271080859907,29.497579170271287,4.407530652890202,15.450000000000001
10,50,2,Random,120.22484812528945,0.2244589850306511,0.72,0.24,8328.588632244426,0.0,33.202096125648936,43.351874486946805,7.570877512693708,36.1
10,50,3,Ours,115.04002813610532,0.7304162718355656,0.88,0.34,5182.6091521490835,0.0,36.202994718902794,35.801232351602984,2.4358010655995335,40.599999999999994
10,50,3,NoRep,113.54770559731035,0.7193749770522118,0.88,0.32,4031.970685579605,0.0,36.39548891351306,34.684135145391,2.218081538406289,40.24999999999999
10,50,3,NoPred,126.715651534726,0.6581251509487629,0.26,0.38,6572.618694628897,0.0,35.75442218874755,45.71027899780701,1.8509503481714618,43.39999999999999
10,50,3,NoCabin,118.50703907710168,0.6876247934997082,0.9,0.38,6572.432158363117,0.0,35.69978605994118,37.14768639121848,2.609566625941994,43.05
10,50,3,NoSec,114.25317706919671,0.9022499434649944,0.86,0.36,6255.4139602101795,0.0,35.806748484781295,36.081636912227054,2.4647916721883467,39.9
10,50,3,FlatCCF,70.8318615911284,0.3826660104095936,1.0,1.0,0.0,0.0,42.50358249156874,17.028300787527023,1.4999783120326355,9.799999999999997
10,50,3,GreedyByLoad,125.282912454206,0.18654204905033112,0.86,0.34,6521.373709915281,0.0,34.563586511022066,43.08203794167888,3.1872880015050673,44.449999999999996
10,50,3,FirstFit,83.94144842598182,0.31574955210089684,0.88,0.74,12.740224596307172,0.0,40.88283793888377,22.588844307239167,1.5697661798588831,18.899999999999995
10,50,3,Random,128.32394993073422,0.2300422638654709,0.7,0.28,7486.509230363111,0.0,33.76518939862104,45.03830955488118,2.9704509772319865,46.55
10,50,4,Ours,117.69429653979293,0.7195412181317806,0.8,0.36,6926.268667668773,0.0,35.9400758531804,39.66296914044502,3.2912515461675014,38.8
10,50,4,NoRep,116.21970542107067,0.7150000892579556,0.76,0.34,5509.788291811191,0.0,35.630871902991,37.960587513809905,3.12824600426977,39.5
10,50,4,NoPred,127.11347735731523,0.6617079488933086,0.26,0.4,8577.73647844023,0.0,35.78759300226539,47.57344853825241,2.85243581679745,40.89999999999999
10,50,4,NoCabin,118.22376287052457,0.7006670348346233,0.82,0.36,6909.219583789712,0.0,35.819564600582915,39.47150568626868,3.432692583672985,39.5
10,50,4,NoSec,116.5471723401859,0.716084148734808,0.72,0.36,6918.452980722417,0.0,35.23648757814428,39.05805710489878,3.1026276571428353,39.15
10,50,4,FlatCCF,77.23535285209694,0.41125016286969185,1.0,1.0,0.0,0.0,42.3888367258552,23.227408247644856,2.2191078785968825,9.399999999999999
10,50,4,GreedyByLoad,130.8750270173461,0.19837496802210808,0.86,0.34,8779.586630193251,0.0,33.99554368313444,47.393910247453626,4.735573086757997,44.75
10,50,4,FirstFit,92.95088286606729,0.30362512916326523,0.9,0.72,1381.157915599828,0.0,40.36842638079076,30.410678840203335,2.621777645073196,19.55
10,50,4,Random,127.22060454486004,0.21754205226898193,0.76,0.24,6169.102790553874,0.0,34.55144909479219,45.53396858702963,4.485186863038215,42.64999999999999
10,200,0,Ours,473.51176653565153,2.3757079616189003,0.645,0.34,24762.41768141512,0.0,144.5874881525118,164.7247720018794,14.149506381260391,150.04999999999998
10,200,0,NoRep,460.57404328524353,2.2860420867800713,0.645,0.31,17542.665049702387,0.0,144.59738746053043,156.57050935797713,12.856146466735956,146.54999999999998
10,200,0,NoPred,489.02372969551743,2.1656248718500137,0.24,0.35,26628.803730953223,0.0,144.83043533071697,178.87365952906492,13.169634835735522,152.14999999999998
10,200,0,NoCabin,468.597233644082,2.343208994716406,0.805,0.325,21657.670438016594,0.0,145.1918544004817,159.9299903752406,16.57538886835977,146.89999999999998
10,200,0,NoSec,459.73661571436725,2.2780001163482666,0.645,0.345,25454.487806236102,0.0,142.31738419015844,161.62686921644433,13.442362307764538,142.35
10,200,0,FlatCCF,297.76046374551777,1.2674997560679913,1.0,1.0,0.0,0.0,169.77249727824233,85.64396830738984,6.743998159885587,35.599999999999994
10,200,0,GreedyByLoad,514.0680869064727,0.47837523743510246,0.835,0.345,35072.33901027343,0.0,137.46203213775112,188.4143545136498,26.591700255071746,161.6
10,200,0,FirstFit,331.43805222322976,1.0688342154026031,0.975,0.91,5075.37101831761,0.0,166.27353053412952,100.7656502015732,9.898871487527066,54.5
10,200,0,Random,454.3570983852,0.6974581629037857,0.805,0.33,13698.031560685748,0.0,144.05890094211213,153.66867065007443,13.929526793013427,142.7
10,200,1,Ours,455.04391461202056,2.298582810908556,0.755,0.31,17994.278505457492,0.0,145.18200033672443,143.37875440150145,15.333159873794683,151.14999999999998
10,200,1,NoRep,447.603249955365,2.1839593537151814,0.75,0.29,13673.113489725245,0.0,144.65027582506417,138.60230577426046,14.60066835604036,149.74999999999997
10,200,1,NoPred,476.47175155434,2.0938338711857796,0.24,0.32,19609.718882360386,0.0,145.22937039245198,166.77046005808805,11.921921103799939,152.55
10,200,1,NoCabin,454.2295515274459,2.3408341221511364,0.825,0.315,18928.919884204464,0.0,145.2039668950003,142.55937171151814,14.61621292092748,151.85
10,200,1,NoSec,446.3785833505294,2.2381250746548176,0.775,0.315,19195.757529338443,0.0,142.9861678010134,143.45698137854797,15.785434170968072,144.15
10,200,1,FlatCCF,293.97042454825873,1.2269578874111176,1.0,1.0,0.0,0.0,170.15869295876985,79.83199708879889,7.279734500689967,36.69999999999999
10,200,1,GreedyByLoad,492.8628365408701,0.4768748767673969,0.8,0.33,27497.46424432978,0.0,139.0942105949215,170.65445649504284,20.414169450905774,162.7
10,200,1,FirstFit,328.5357374874378,1.0801246389746666,0.985,0.915,6111.726302745186,0.0,166.5335340397309,95.58652237900654,11.165681068700401,55.24999999999999
10,200,1,Random,456.866055697448,0.675874762237072,0.775,0.27,11824.33300368189,0.0,143.07409243107236,148.3606991280331,16.381264138342562,149.04999999999998
10,200,2,Ours,460.88059789677783,2.168500330299139,0.67,0.33,21437.763529559335,0.0,144.8893615023075,150.76130642288447,9.379929971585877,155.84999999999997
10,200,2,NoRep,452.756710283594,2.418625168502331,0.685,0.305,16686.197923680546,0.0,144.6517199569937,146.86665115421715,9.23833917238317,152.0
10,200,2,NoPred,476.74464642607626,2.1045408211648464,0.24,0.34,23415.908936657874,0.0,144.76554721013764,165.61162409083,8.767475125108682,157.6
10,200,2,NoCabin,461.5232599016331,2.34412495046854,0.825,0.325,20750.59575350289,0.0,145.00184173547575,149.69750850090665,12.023909665250692,154.8
10,200,2,NoSec,449.34148392756225,2.131042070686817,0.665,0.34,22793.49923536399,0.0,143.16789307498186,148.8876627259295,9.135928126650953,148.14999999999998
10,200,2,FlatCCF,287.84600867026654,1.2448327615857124,1.0,1.0,0.0,0.0,170.1832516814801,74.42454631029099,6.038210678495519,37.199999999999996
10,200,2,GreedyByLoad,492.81991156193186,0.47512538731098175,0.785,0.345,30046.282185341646,0.0,138.3216854858475,166.3783551489941,15.819870927090324,172.3
10,200,2,FirstFit,320.0790496690448,1.0638749226927757,0.965,0.915,5072.60440664984,0.0,166.33626152547959,87.68225635611877,8.560531787446475,57.49999999999999
10,200,2,Random,461.47081215914494,0.6904168985784054,0.795,0.295,18834.501309178995,0.0,142.01366731455494,150.92904038536597,13.378104459224097,155.14999999999998
10,200,3,Ours,465.64724660673164,2.4975836277008057,0.765,0.34,24365.541726273288,0.0,147.39945553402555,153.4846840043815,11.113107068324599,153.65
10,200,3,NoRep,455.92572260304837,2.282582689076662,0.765,0.315,19424.389175280707,0.0,147.07172226219842,146.75302588423318,10.550974456616698,151.55
10,200,3,NoPred,487.640571167492,2.074833959341049,0.24,0.35,26131.203408701575,0.0,147.3446097052266,171.98282091749525,9.413140544770167,158.9
10,200,3,NoCabin,470.7338567278239,2.368499990552664,0.84,0.345,25181.152266456502,0.0,146.89739181877232,153.99781038493614,14.43865452411547,155.4
10,200,3,NoSec,452.43568700310857,2.2703330032527447,0.77,0.33,21748.066891627066,0.0,144.98297629553025,147.15832019330435,10.84439051427395,149.45
10,200,3,FlatCCF,304.677419470103,1.2449161149561405,1.0,1.0,0.0,0.0,171.94112748389966,89.4844155928578,6.1518763933455665,37.099999999999994
10,200,3,GreedyByLoad,518.437345898825,0.4747500643134117,0.825,0.39,37382.10345376597,0.0,139.417458999203,183.13098724180247,18.438899657819565,177.45
10,200,3,FirstFit,345.17688374083696,1.055500004440546,0.97,0.91,8217.602259566014,0.0,167.82873900851996,106.98772763170503,9.110417100611997,61.24999999999999
10,200,3,Random,472.2833064110278,0.7763328030705452,0.81,0.3,19584.454652309847,0.0,145.09192911014594,156.9996251627744,14.791752138107496,155.39999999999998
10,200,4,Ours,476.2192802513789,2.2480827756226063,0.75,0.335,23752.389726212146,0.0,142.80064928902033,166.88298613908728,11.985644823271372,154.54999999999998
10,200,4,NoRep,466.2827213354426,2.2060000337660313,0.74,0.31,18599.34853992917,0.0,142.27200492145082,162.49881340443795,11.161903009553761,150.35
10,200,4,NoPred,497.37141260832857,2.112917136400938,0.24,0.345,24928.55889444032,0.0,142.64396218202268,186.0406481212524,10.636802305053571,158.05
10,200,4,NoCabin,477.27271672022084,2.3369588889181614,0.78,0.335,24290.37952973148,0.0,142.34378875239534,166.70074433997155,12.278183627853942,155.95
10,200,4,NoSec,468.16498787726835,2.2313338704407215,0.71,0.345,24556.08844750835,0.0,141.13490618210727,164.73594146111495,11.944140234046099,150.35000000000002
10,200,4,FlatCCF,297.4197029392486,1.2201247736811638,1.0,1.0,0.0,0.0,169.14980786486285,84.41906043195496,7.250834642430846,36.599999999999994
10,200,4,GreedyByLoad,515.9199138056397,0.5856668576598167,0.755,0.345,33862.38792694329,0.0,135.89594687376976,196.03065240632986,16.14331452554005,167.85
10,200,4,FirstFit,336.8294501434129,1.086041796952486,0.975,0.925,7945.996586516933,0.0,165.32939360830176,103.80696105699094,8.693095478120258,59.0
10,200,4,Random,479.87218076004837,0.6679999642074108,0.745,0.235,13498.073266506866,0.0,139.7593277013722,170.94597127012167,12.866881788554492,156.29999999999998
10,500,0,Ours,1139.5973740119612,5.25074964389205,0.756,0.322,51801.01698307468,0.0,363.54782850268936,378.4208376640779,24.2787078451939,373.34999999999997
10,500,0,NoRep,1105.8117301174143,5.289040971547365,0.76,0.288,33765.5543342756,0.0,362.49558689751336,355.1104499294593,22.555693290441578,365.65
10,500,0,NoPred,1172.105339346042,5.169040989130735,0.236,0.332,54896.0132694783,0.0,362.78332812599444,406.19545059668053,21.726560623367167,381.4
10,500,0,NoCabin,1144.212604243808,5.7013751938939095,0.816,0.324,52329.83869196844,0.0,363.24231599797906,377.6363098917717,27.533978354057293,375.79999999999995
10,500,0,NoSec,1117.0397581267916,5.151125136762857,0.736,0.33,56104.581436610395,0.0,356.85152519271514,376.5576382582798,24.280594675796888,359.35
10,500,0,FlatCCF,711.3474754472952,2.9803747311234474,1.0,1.0,0.0,0.0,424.7790285757716,182.32623794012216,14.042208931401422,90.19999999999999
10,500,0,GreedyByLoad,1256.809542115561,1.047166995704174,0.776,0.358,87841.18202913363,0.0,343.4484648253022,448.9780123540706,38.883064936188276,425.5
10,500,0,FirstFit,754.3715378398795,2.602166961878538,0.99,0.968,6619.574753323049,0.0,420.79454771597557,199.9573726495814,18.56961747432257,115.04999999999998
10,500,0,Random,1148.2210048972993,1.5775831416249275,0.784,0.286,44106.12879598385,0.0,353.2397720985499,382.0040781954394,27.72715460331021,385.25
10,500,1,Ours,1115.1592644697785,5.211499985307455,0.774,0.31,45865.77934837001,0.0,358.7325894015509,359.97651853408945,27.800156534138146,368.65
10,500,1,NoRep,1101.8017240758004,4.979541990906,0.77,0.292,36418.84842687377,0.0,358.3580680013306,350.18881115493417,26.70484491953587,366.54999999999995
10,500,1,NoPred,1165.5051230590161,4.952665884047747,0.236,0.318,47814.18477650684,0.0,358.60178358077707,403.6444909026641,23.408848575574996,379.84999999999997
10,500,1,NoCabin,1118.6205829120843,5.811166018247604,0.824,0.312,47247.156502874874,0.0,358.50084139026296,357.32867096922797,33.441070552593445,369.34999999999997
10,500,1,NoSec,1082.7068554373313,4.788625054061413,0.752,0.308,44835.0505001047,0.0,352.97187298027177,349.93556129641746,26.899421160642326,352.9
10,500,1,FlatCCF,751.4695074987563,2.932666800916195,1.0,1.0,0.0,0.0,423.26395416722016,223.42869048349584,15.076862848040408,89.69999999999999
10,500,1,GreedyByLoad,1223.6437076603856,1.0154582560062408,0.776,0.342,75593.43613093771,0.0,339.98179202088556,432.2183718576381,43.94354378186185,407.49999999999994
10,500,1,FirstFit,786.1413635972591,2.609583083540201,0.984,0.968,7980.497905968903,0.0,419.29584359932574,240.04537728654938,17.150142711383975,109.64999999999999
10,500,1,Random,1166.9262397901969,1.5672077424824238,0.798,0.27,47889.062096920694,0.0,348.1269593307388,397.5303407212951,37.21893973816296,384.04999999999995
10,500,2,Ours,1163.4258369013662,4.947375040501356,0.72,0.328,57132.71826990724,0.0,364.2518152231082,379.61667504080015,28.357346637457972,391.19999999999993
10,500,2,NoRep,1137.4446373054284,5.146208219230175,0.724,0.304,45658.63617077036,0.0,363.8637955895339,367.8049142360891,25.07592747980538,380.7
10,500,2,NoPred,1207.9608980061357,4.929665941745043,0.236,0.336,59625.981588111616,0.0,364.2520451025602,423.3262656589717,23.232587244603643,397.15
10,500,2,NoCabin,1164.576076994465,5.6316666305065155,0.786,0.332,59562.97028063481,0.0,364.70222077341555,378.5380287742947,29.78582744675454,391.54999999999995
10,500,2,NoSec,1137.1641505860405,5.026957951486111,0.736,0.34,61625.06199162766,0.0,358.1519614972279,377.6477716007074,27.664417488105286,373.7
10,500,2,FlatCCF,724.7192898960689,2.971583977341652,1.0,1.0,0.0,0.0,426.780385166091,189.48645207570434,15.452452654273504,92.99999999999999
10,500,2,GreedyByLoad,1269.1069146579541,1.0180422104895115,0.772,0.37,88774.11742248504,0.0,342.7274600448874,451.44849656266274,38.580958050403986,436.34999999999997
10,500,2,FirstFit,764.42256113032,2.612125128507614,0.988,0.97,7896.292442546797,0.0,423.32017326216953,207.32156824217108,20.480819625979358,113.29999999999998
10,500,2,Random,1159.1074587951807,1.5639998018741608,0.786,0.268,41571.729281756445,0.0,356.697436374557,386.4675888260725,26.142433594551306,389.79999999999995
10,500,3,Ours,1099.5684852831494,5.153459031134844,0.666,0.314,47284.399998415494,0.0,363.5805894445368,346.80695616251035,28.33093967610241,360.84999999999997
10,500,3,NoRep,1088.7605721356053,5.0050001591444016,0.674,0.3,39804.66907859096,0.0,361.71165021460337,340.1908226541829,27.758099266818988,359.09999999999997
10,500,3,NoPred,1160.0526610106808,5.092917010188103,0.236,0.336,52732.50381167545,0.0,362.1446074833966,395.9538547350899,27.10419879219435,374.85
10,500,3,NoCabin,1107.120694911915,5.632541142404079,0.8,0.32,49128.19457003556,0.0,363.1229630498821,346.81472864241505,32.13300321961775,365.04999999999995
10,500,3,NoSec,1073.9570388812035,4.945917055010796,0.648,0.322,48159.46114640644,0.0,356.5141502660871,339.1795568879788,28.61333172713769,349.65
10,500,3,FlatCCF,729.6489155474713,3.078834153711796,1.0,1.0,0.0,0.0,424.87499936683514,200.58731285435763,16.686603326278586,87.49999999999997
10,500,3,GreedyByLoad,1232.2389383055329,1.01920822635293,0.804,0.358,78055.41531328764,0.0,343.77583864444966,429.2675057636998,50.74559389738329,408.45
10,500,3,FirstFit,774.0266366756089,2.6464159600436687,0.988,0.962,7866.467171368536,0.0,420.65456428023293,220.4257039570007,19.8963684383753,113.04999999999998
10,500,3,Random,1148.9816150014326,1.572582870721817,0.776,0.244,37847.223344221165,0.0,352.15516484539376,378.5054645997277,39.270985556311054,379.04999999999995
10,500,4,Ours,1131.5518196671226,5.487625021487474,0.756,0.336,59478.547271716685,0.0,358.06390350167436,349.88094194070067,29.956974224747505,393.6499999999999
10,500,4,NoRep,1091.9027048033458,5.581167060881853,0.77,0.29,36194.17360153284,0.0,359.37820798298503,327.36180474124853,27.61269207911218,377.54999999999995
10,500,4,NoPred,1187.7987056837324,4.935874603688717,0.236,0.338,60314.35047383515,0.0,358.1413020637141,411.8919834688681,23.415420151150272,394.3499999999999
10,500,4,NoCabin,1132.8259505977553,5.784041713923216,0.8,0.334,59029.19214729235,0.0,358.57612230802505,347.7918623909277,31.757965898802663,394.7
10,500,4,NoSec,1100.8282205162122,5.091584287583828,0.742,0.34,60720.35867429296,0.0,354.3852266502657,346.1760516904752,29.366942175471138,370.9
10,500,4,FlatCCF,684.9124817077491,3.0037909746170044,1.0,1.0,0.0,0.0,423.3199729294841,152.94348480966238,16.349023968602584,92.29999999999998
10,500,4,GreedyByLoad,1235.596965710665,1.0419166646897793,0.8,0.346,81508.07010852266,0.0,341.7230755705914,430.0562721792129,42.51761796086073,421.29999999999995
10,500,4,FirstFit,734.0405707208505,2.7259583584964275,0.988,0.962,10845.65757375305,0.0,419.19234482677064,178.56547130352456,19.482754590555302,116.79999999999998
10,500,4,Random,1155.1494077425643,1.5332908369600773,0.798,0.304,47815.19237503318,0.0,352.4355692581597,388.82073271291176,32.49310577149288,381.4
20,50,0,Ours,116.48982229233054,0.9769592434167862,0.8,0.24,4860.0000910394265,0.0,34.933619756931165,35.46360516264352,3.9425973727558805,42.15
20,50,0,NoRep,114.64265971869649,0.9696660563349724,0.82,0.22,3771.296351499548,0.0,35.095739742130974,34.26345461254134,3.8334653640241942,41.449999999999996
20,50,0,NoPred,123.9533089524206,0.8294158615171909,0.16,0.26,5742.900507645363,0.0,34.635483499082355,42.7118250671396,3.05600038619867,43.550000000000004
20,50,0,NoCabin,119.87960739896947,0.9223329834640026,0.86,0.28,6722.448419242126,0.0,34.31675938170508,37.41134818534528,3.551499831919116,44.6
20,50,0,NoSec,116.57521321184122,0.9229998104274273,0.76,0.28,6113.758599854097,0.0,33.79132120692143,36.37639227199804,3.9074997329217616,42.5
20,50,0,FlatCCF,73.62065008211749,0.6690002046525478,1.0,1.0,0.0,0.0,42.149345414779184,19.870824567808935,2.000480099529375,9.599999999999998
20,50,0,GreedyByLoad,131.81539367063823,0.26954105123877525,0.92,0.28,8158.663776952825,0.0,32.004083770552654,46.228602377735605,5.1327075223499605,48.45
20,50,0,FirstFit,90.70917850993351,0.4742080345749855,0.94,0.62,32.59159411806469,0.0,39.39112907901843,26.75077781243341,2.367271618481685,22.199999999999996
20,50,0,Random,126.64637927443461,0.25958335027098656,0.88,0.14,5322.096258417009,0.0,33.3781222347952,44.04745963629565,3.57079740334377,45.65
20,50,1,Ours,110.07812061637883,0.8605830371379852,0.68,0.22,3632.517882157719,0.0,35.84012798074129,36.79092604889503,2.397066586742486,35.050000000000004
20,50,1,NoRep,108.61687069160874,0.8394168689846992,0.68,0.2,2467.891192523126,0.0,35.80137261243547,35.411219762890916,2.354278316282334,35.05
20,50,1,NoPred,112.98119956475037,0.7968340069055557,0.16,0.24,4611.116712116436,0.0,35.7650781186659,39.33027915771865,2.135842288365827,35.75
20,50,1,NoCabin,111.821219659093,0.8644582703709602,0.84,0.24,4600.991466100151,0.0,35.652271074223755,37.722231700395156,3.3967168844740767,35.050000000000004
20,50,1,NoSec,108.67272922939158,0.9968332014977932,0.66,0.22,3631.7985302139414,0.0,35.58899645316821,36.6973588705555,2.3863739056678788,33.99999999999999
20,50,1,FlatCCF,71.32669763408737,0.6890418007969856,1.0,1.0,0.0,0.0,42.65917683509464,19.011362680602286,1.5561581183904392,8.099999999999998
20,50,1,GreedyByLoad,121.01587643180662,0.27079228311777115,0.9,0.26,6346.5320357778455,0.0,33.96292312916886,43.59623965744789,4.556713645189883,38.9
20,50,1,FirstFit,86.77907005860871,0.4792078398168087,0.94,0.62,32.01180249128345,0.0,39.94204901000313,24.90631540842066,1.9307056401849259,20.0
20,50,1,Random,111.85297119659299,0.2632499672472477,0.88,0.22,3559.1061097265556,0.0,35.68384034306777,38.9285793706585,2.5405514828667215,34.70000000000001
20,50,2,Ours,109.36440403974599,0.8801668882369995,0.72,0.28,6489.116905466165,0.0,35.08277312215908,36.31791238973618,5.013718527850751,32.95
20,50,2,NoRep,104.63729207605748,0.8609169162809849,0.74,0.22,3476.7436847478266,0.0,35.566874819188236,32.69580488305592,4.474612373813317,31.900000000000002
20,50,2,NoPred,114.34832994107076,0.7821251638233662,0.16,0.28,6489.116905466165,0.0,35.08277312215908,42.16498362159299,4.150573197318707,32.95
20,50,2,NoCabin,110.13140771541545,0.8742911741137505,0.88,0.28,6578.265954947459,0.0,35.11089935729129,36.05874400496222,6.011764353161944,32.95
20,50,2,NoSec,107.21315385555549,0.8660000748932362,0.7,0.28,6478.70570159714,0.0,34.78855325319275,35.581179174021855,4.943421428340903,31.9
20,50,2,FlatCCF,70.04718322340752,0.6529157981276512,1.0,1.0,0.0,0.0,42.39884645036976,18.05682063646487,2.1915161365728806,7.399999999999998
20,50,2,GreedyByLoad,121.98672974572638,0.2671247348189354,0.88,0.28,8675.950132436401,0.0,33.25448259297639,45.881562605977926,7.450684546772073,35.4
20,50,2,FirstFit,86.66795596978295,0.4754997789859772,0.9,0.56,66.10195861720234,0.0,39.60717148801916,26.54873278456557,2.9620516971982176,17.55
20,50,2,Random,118.69542646324506,0.26125041767954826,0.9,0.3,7536.213816152102,0.0,34.16181728303805,44.61935267306348,7.6642565071435405,32.25
20,50,3,Ours,119.13510734984057,0.9343340061604977,0.92,0.28,6579.51087479355,0.0,34.818282425633605,35.54865518042028,2.9181697437866605,45.849999999999994
20,50,3,NoRep,115.99480109544197,0.9335828945040703,0.92,0.24,5190.956281801905,0.0,35.1286563314412,34.0052073935532,2.7609373704475506,44.099999999999994
20,50,3,NoPred,126.44792580036517,0.8195829577744007,0.16,0.28,6575.1613071753145,0.0,34.99216916966056,43.7497210574403,1.856035573264297,45.849999999999994
20,50,3,NoCabin,120.56272501348016,0.8689998649060726,0.92,0.3,7647.538806092035,0.0,34.86623870841051,36.60056270743945,2.8959235976301922,46.199999999999996
20,50,3,NoSec,115.25574066144503,0.9189588017761707,0.88,0.26,6257.767638816512,0.0,35.00238022893387,34.84661941237374,2.7067410201374367,42.699999999999996
20,50,3,FlatCCF,70.8318615911284,0.8119172416627407,1.0,1.0,0.0,0.0,42.50358249156874,17.028300787527023,1.4999783120326355,9.799999999999997
20,50,3,GreedyByLoad,125.26072649359382,0.28629228472709656,0.88,0.24,5257.735432567004,0.0,34.01399832786854,41.210829120700254,3.1358990450250284,46.89999999999999
20,50,3,FirstFit,90.95456304322308,0.46499958261847496,0.88,0.58,37.31502454320507,0.0,39.71076853138707,25.292572102131405,1.8012224097045981,24.149999999999995
20,50,3,Random,116.19510314688209,0.2780407667160034,0.9,0.24,3065.887070252361,0.0,35.48820678777382,36.76770425528432,2.639192103823957,41.3
20,50,4,Ours,121.43806703911392,0.9444998577237129,0.84,0.28,7780.298816055439,0.0,35.01709988967174,40.19201851646698,3.578948632975191,42.65
20,50,4,NoRep,120.04179372983681,0.9207907132804394,0.86,0.26,6926.500043165369,0.0,34.796690417163894,39.39707222083413,3.5480310918387854,42.3
20,50,4,NoPred,133.57045793592198,0.8052913472056389,0.16,0.32,9534.699009936146,0.0,34.671050316590126,51.14695629211479,3.002451327217089,44.75
20,50,4,NoCabin,122.2885680376042,0.8786660619080067,0.92,0.28,7758.6567422015405,0.0,34.80597340081431,40.09301066746897,3.689583969320914,43.699999999999996
20,50,4,NoSec,119.08239768934965,0.8994168601930141,0.9,0.26,6918.594180767912,0.0,34.432019964151635,39.142606766502496,3.5577709586955155,41.949999999999996
20,50,4,FlatCCF,77.23535285209694,0.6694160401821136,1.0,1.0,0.0,0.0,42.3888367258552,23.227408247644856,2.2191078785968825,9.399999999999999
20,50,4,GreedyByLoad,135.46592176297696,0.2670842222869396,0.88,0.26,8798.42748364052,0.0,33.287210879825,49.62105423903005,6.407656644121913,46.15
20,50,4,FirstFit,94.84215408560816,0.45783398672938347,0.94,0.56,44.37679108205572,0.0,39.44993661757826,30.362667926562054,2.6795495414678494,22.349999999999998
20,50,4,Random,121.9427326730416,0.2593747340142727,0.88,0.1,2880.03882438107,0.0,34.67640754713792,41.81262126347096,3.503703862432726,41.949999999999996
20,200,0,Ours,481.4361568394498,2.9692919924855232,0.775,0.25,27859.124688402404,0.0,140.5957911071336,163.14342639558683,15.396939336729357,162.29999999999998
20,200,0,NoRep,471.70755869869197,2.975792158395052,0.76,0.22,20903.635799671203,0.0,140.42853069843648,156.43560226364892,14.643425736606567,160.2
20,200,0,NoPred,499.44345074196576,2.5334996171295643,0.135,0.25,27575.598581697945,0.0,140.69391217893735,182.1750343434376,13.224504219590804,163.34999999999997
20,200,0,NoCabin,481.44379224412603,2.9831668362021446,0.89,0.24,25919.644088593886,0.0,140.91977744161966,159.28130372914893,20.342711073357457,160.89999999999998
20,200,0,NoSec,470.8851862059977,2.8455001302063465,0.765,0.25,27280.906042405888,0.0,138.5033555256449,160.64370581314105,14.68812486721179,157.04999999999998
20,200,0,FlatCCF,297.76046374551777,2.132707741111517,1.0,1.0,0.0,0.0,169.77249727824233,85.64396830738984,6.743998159885587,35.599999999999994
20,200,0,GreedyByLoad,525.2468934031994,0.6237081252038479,0.905,0.27,35109.57983177589,0.0,135.06303978101823,192.16337535917714,27.670478263004078,170.35
20,200,0,FirstFit,359.8288227737319,1.8588746897876263,0.94,0.845,11176.14461491167,0.0,162.74163986539116,114.7306645736225,13.506518334718157,68.85
20,200,0,Random,483.7232382530564,0.7919999770820141,0.915,0.2,19522.61109108643,0.0,138.43228036099924,170.10048792255418,18.140469969503005,157.04999999999998
20,200,1,Ours,458.9335292377347,2.9405420646071434,0.855,0.225,21828.38173724419,0.0,140.92411519017054,138.7083938090493,15.201020238514918,164.1
20,200,1,NoRep,451.4816770771188,2.9772501438856125,0.85,0.205,18050.026155603402,0.0,141.02446091776983,134.11739405506046,14.689822104288474,161.64999999999998
20,200,1,NoPred,494.22636144423694,2.53499997779727,0.135,0.235,23120.224479327113,0.0,140.93609292746766,175.08603421659296,12.004234300176368,166.2
20,200,1,NoCabin,458.6406415573487,2.9811249114573,0.9,0.22,20589.065709600778,0.0,141.37759011762932,136.048451741425,16.414599698294403,164.79999999999998
20,200,1,NoSec,449.0739881073356,3.1684166751801968,0.86,0.215,20181.207869666487,0.0,139.21929834393933,136.08717387445108,14.917515888945175,158.84999999999997
20,200,1,FlatCCF,293.97042454825873,2.1286667324602604,1.0,1.0,0.0,0.0,170.15869295876985,79.83199708879889,7.279734500689967,36.69999999999999
20,200,1,GreedyByLoad,504.9762164423022,0.6292499601840973,0.88,0.255,26074.367062353154,0.0,136.40192876003894,175.5296322552512,21.244655427012034,171.79999999999998
20,200,1,FirstFit,350.7920099155727,1.8423749133944511,0.965,0.85,10231.610737940131,0.0,164.0415395762456,106.783344548379,14.21712579094808,65.75
20,200,1,Random,492.58716385626224,0.7604579441249371,0.835,0.165,17295.518514305062,0.0,138.39627627789486,167.0197760839776,16.77111149438978,170.4
20,200,2,Ours,461.3555983192663,2.9035420157015324,0.86,0.235,23436.556702807964,0.0,141.01097447240255,139.49039642427732,11.354227422586417,169.5
20,200,2,NoRep,453.3550057733482,2.9307501390576363,0.87,0.21,18893.214765962617,0.0,141.17803491345757,134.81206072403972,10.664910135850905,166.7
20,200,2,NoPred,488.44549072147555,2.7874577790498734,0.135,0.24,24203.33474411725,0.0,141.268844856888,167.4654162190937,8.811229645493865,170.89999999999998
20,200,2,NoCabin,462.9246138610803,2.9941662214696407,0.93,0.235,23739.331795794787,0.0,141.25310891104118,138.42072686030542,13.400778089733661,169.84999999999997
20,200,2,NoSec,452.31386111278175,2.867334056645632,0.855,0.245,24624.50829704303,0.0,138.96787177212934,138.8220817426471,10.973907598005322,163.54999999999998
20,200,2,FlatCCF,287.84600867026654,2.1266252733767033,1.0,1.0,0.0,0.0,170.1832516814801,74.42454631029099,6.038210678495519,37.199999999999996
20,200,2,GreedyByLoad,503.6504809512018,0.6216247566044331,0.88,0.27,28627.9233465243,0.0,136.05222265329488,168.81212379486433,16.686134503042553,182.1
20,200,2,FirstFit,349.56121532372634,1.819457858800888,0.99,0.84,11121.030995612924,0.0,162.7656033912491,101.18842255769981,10.257189374777411,75.35
20,200,2,Random,477.94057355801726,0.8591250516474247,0.88,0.19,19084.635034623625,0.0,138.94550391271673,154.4512056285279,13.993864016772669,170.55
20,200,3,Ours,478.7445144594748,2.985249739140272,0.8,0.245,26148.615553308562,0.0,143.8776377551518,153.61526961769025,11.50160708663272,169.75
20,200,3,NoRep,472.6603773681985,2.956415992230177,0.81,0.23,23285.164262976086,0.0,143.03683466018504,150.70423271239588,11.26930999561759,167.64999999999998
20,200,3,NoPred,504.94085108195816,2.5395830161869526,0.135,0.27,28837.02855196773,0.0,143.3982963857854,176.44437462000775,10.798180076165064,174.29999999999998
20,200,3,NoCabin,480.6193259753034,3.045374993234873,0.865,0.245,26126.73989255439,0.0,143.66111500670866,151.65070140910058,14.50750955949421,170.8
20,200,3,NoSec,470.37636813769086,3.0707078985869884,0.81,0.245,25532.91526012322,0.0,141.5583511664914,152.0598936056045,11.20812336559495,165.55
20,200,3,FlatCCF,304.677419470103,2.1437499672174454,1.0,1.0,0.0,0.0,171.94112748389966,89.4844155928578,6.1518763933455665,37.099999999999994
20,200,3,GreedyByLoad,527.6962446412933,0.6307503208518028,0.915,0.315,35992.59225760351,0.0,137.25450876576141,184.60502745792877,18.936708417603118,186.89999999999998
20,200,3,FirstFit,376.10309475456745,1.784417312592268,0.98,0.825,14353.209217267839,0.0,164.14306611788982,121.07472505470832,10.735303581969314,80.14999999999999
20,200,3,Random,493.57320006071876,0.7551251910626888,0.87,0.22,17572.565567858834,0.0,142.21331131485744,164.4961770854182,15.363711660443174,171.5
20,200,4,Ours,473.0397490072167,2.8974157758057117,0.785,0.235,25050.477058674252,0.0,138.94034123974848,154.78335424277228,12.516053524695987,166.8
20,200,4,NoRep,465.9088418027965,2.844457980245352,0.785,0.215,20830.85120341516,0.0,138.54525395668097,150.75297026957693,11.910617576538561,164.7
20,200,4,NoPred,503.2195341574172,2.7038748376071453,0.135,0.245,26227.889242805464,0.0,138.99382452492742,183.92054246739798,10.705167165091805,169.59999999999997
20,200,4,NoCabin,473.7606217231847,2.9249582439661026,0.855,0.235,25276.519906883674,0.0,138.8162370967275,153.44920605444673,14.345178572010475,167.15
20,200,4,NoSec,470.0088859202518,2.842833288013935,0.785,0.255,27260.786273058955,0.0,136.2769292998778,155.85961913914494,13.172337481229116,164.7
20,200,4,FlatCCF,297.4197029392486,2.1163751371204853,1.0,1.0,0.0,0.0,169.14980786486285,84.41906043195496,7.250834642430846,36.599999999999994
20,200,4,GreedyByLoad,517.6174829970338,0.6270408630371094,0.895,0.265,30954.24808358137,0.0,133.58236426335375,189.5931096082334,18.542009125446647,175.9
20,200,4,FirstFit,366.0260737864032,1.7849579453468323,0.97,0.85,13713.220928984943,0.0,161.4293816613545,118.64005138724009,10.856640737808593,75.1
20,200,4,Random,501.97980080005186,0.7539577782154083,0.88,0.205,22630.50381912309,0.0,135.59630022370095,181.69445323108187,15.789047345269106,168.9
20,500,0,Ours,1185.901373989827,6.849584169685841,0.81,0.232,58506.301120837765,0.0,352.53376838002725,396.06436069838804,26.85324491141178,410.45
20,500,0,NoRep,1152.540252028749,6.599207874387503,0.812,0.196,41511.603355586565,0.0,352.9934930712503,373.8577988933185,25.03896006417994,400.65
20,500,0,NoPred,1233.1424362188022,6.03904202580452,0.13,0.24,60492.90249998274,0.0,352.0312349925092,443.121837809842,22.289363416451085,415.7
20,500,0,NoCabin,1185.9816719495495,7.233999669551849,0.888,0.23,58470.10328450361,0.0,352.4410028313812,392.5289596612264,31.611709456941966,409.4
20,500,0,NoSec,1169.9134384459842,6.464167032390833,0.798,0.238,63387.9351766569,0.0,347.4588765117586,398.12281612561054,26.13174580861495,398.20000000000005
20,500,0,FlatCCF,711.3474754472952,5.129416007548571,1.0,1.0,0.0,0.0,424.7790285757716,182.32623794012216,14.042208931401422,90.19999999999999
20,500,0,GreedyByLoad,1298.085233649725,1.330958679318428,0.908,0.284,86423.82771286037,0.0,336.4258122383694,473.81701912018343,42.74240229117238,445.1
20,500,0,FirstFit,800.241229005914,4.733040928840637,0.992,0.932,17782.701909504376,0.0,416.5546262389105,227.58948537536827,18.297117391635187,137.79999999999998
20,500,0,Random,1191.2776409200928,1.7300411127507687,0.88,0.212,43139.45046289768,0.0,349.85943906651767,406.386821125881,31.58138072769404,403.44999999999993
20,500,1,Ours,1135.7878297242564,6.967584136873484,0.87,0.218,52418.281847509694,0.0,348.11910289488105,353.28230167161604,30.736425157759314,403.65
20,500,1,NoRep,1120.773841802963,7.096500135958195,0.874,0.2,44280.694780006044,0.0,348.1802784164313,343.95177440848784,29.19178897804415,399.45
20,500,1,NoPred,1204.3827490088017,5.942458286881447,0.13,0.23,54529.00087115668,0.0,347.6987554251252,420.95299224172805,24.731001341948577,411.0
20,500,1,NoCabin,1137.7415010368265,7.471958175301552,0.916,0.218,52848.90877618622,0.0,348.0451130228493,350.64375394476133,35.40263406921602,403.65
20,500,1,NoSec,1113.3405160376915,6.871458142995834,0.862,0.218,52019.40943873897,0.0,341.94347426533454,349.0173955201199,29.929646252237006,392.45000000000005
20,500,1,FlatCCF,751.4695074987563,5.511458031833172,1.0,1.0,0.0,0.0,423.26395416722016,223.42869048349584,15.076862848040408,89.69999999999999
20,500,1,GreedyByLoad,1258.8806296893217,1.3796249404549599,0.874,0.27,75635.399967026,0.0,334.12940223188673,443.1481397025317,51.00308775490336,430.59999999999997
20,500,1,FirstFit,829.7099614793103,4.708040971308947,0.988,0.938,16006.869040291234,0.0,415.4331404151668,257.309172356397,24.567648707746592,132.39999999999998
20,500,1,Random,1182.0442765145044,1.7450000159442425,0.894,0.2,41503.517885789544,0.0,344.6615182326581,398.2530548152953,34.07970346655114,405.04999999999995
20,500,2,Ours,1207.0874784901428,6.40412513166666,0.812,0.238,64323.6167837729,0.0,354.5599390158642,395.9201232388954,31.457416235383334,425.15
20,500,2,NoRep,1191.0204641788641,6.097834091633558,0.816,0.216,53902.02035963125,0.0,354.55598013896827,385.53974963590395,30.6747344039921,420.24999999999994
20,500,2,NoPred,1258.4583101232608,6.215499714016914,0.13,0.244,66317.23697837678,0.0,354.0692402409627,450.82213430510194,23.51693557719627,430.04999999999995
20,500,2,NoCabin,1208.7873221473405,7.23800016567111,0.902,0.24,65912.32782407542,0.0,353.8633343935715,393.5484095742356,34.475578179533464,426.9
20,500,2,NoSec,1184.899540551066,6.466042250394821,0.816,0.24,65005.59848531202,0.0,350.4049357487578,393.666472812788,30.72813198952018,410.1
20,500,2,FlatCCF,724.7192898960689,5.286375060677528,1.0,1.0,0.0,0.0,426.780385166091,189.48645207570434,15.452452654273504,92.99999999999999
20,500,2,GreedyByLoad,1310.7783710640033,1.352083869278431,0.88,0.296,85912.01006444817,0.0,337.9398765681221,471.0957067084815,44.04278778739984,457.7
20,500,2,FirstFit,797.2650702931271,4.68145776540041,0.984,0.934,12484.404603837716,0.0,418.78251471482486,225.14347391366624,21.489081664636103,131.85
20,500,2,Random,1247.8238646403515,2.0393747836351395,0.904,0.214,55854.98830610463,0.0,346.5734946037137,431.8895689465243,40.0108010901137,429.34999999999997
20,500,3,Ours,1127.2707860339397,6.834083702415228,0.77,0.228,53993.39516164369,0.0,352.8088078423499,342.47724166599755,32.284736525592244,399.7
20,500,3,NoRep,1103.9275996312,7.180208340287209,0.774,0.198,41713.37279999434,0.0,353.00813940691125,329.2367783490392,29.332681875249744,392.35
20,500,3,NoPred,1203.7770226165558,6.0162921436131,0.13,0.244,58243.62868408116,0.0,351.54041245958376,415.9314127875242,28.205197369447973,408.1
20,500,3,NoCabin,1126.396592133638,7.81645905226469,0.902,0.224,52848.39052408461,0.0,352.76255610794004,337.54226853904106,37.0917674866568,399.0
20,500,3,NoSec,1096.8988366537808,6.686958018690348,0.784,0.222,52137.27610682533,0.0,346.78138994142284,336.82204225330673,30.39540445905121,382.9
20,500,3,FlatCCF,729.6489155474713,5.261207930743694,1.0,1.0,0.0,0.0,424.87499936683514,200.58731285435763,16.686603326278586,87.49999999999997
20,500,3,GreedyByLoad,1255.7250028845338,1.3967081904411316,0.906,0.284,76652.1193693935,0.0,337.8307682868933,435.3860703432887,55.158164254351966,427.35
20,500,3,FirstFit,817.4119174086434,4.754583816975355,0.99,0.922,14799.58622129224,0.0,416.5622782121983,239.08213690321514,23.867502293229904,137.89999999999998
20,500,3,Random,1162.0221051135386,1.8200408667325974,0.894,0.204,41266.60428284113,0.0,347.634014470086,379.24216766849395,42.79592297495866,392.35
20,500,4,Ours,1171.7528910741908,7.504666689783335,0.712,0.236,62488.385966518195,0.0,348.0516008987433,371.60635954586894,29.044930629578417,423.04999999999995
20,500,4,NoRep,1129.4512223823112,6.933833006769419,0.722,0.188,38856.02633136972,0.0,351.15062536528336,344.5279601491762,26.472636867851843,407.29999999999995
20,500,4,NoPred,1217.4056019484233,6.526832934468985,0.13,0.236,62490.62083191389,0.0,348.152603752294,421.96564325892086,23.5373549372085,423.74999999999994
20,500,4,NoCabin,1172.507131210532,7.331166882067919,0.892,0.232,61022.75154592239,0.0,348.64798595103315,367.73070736652267,32.72843789297618,423.4
20,500,4,NoSec,1157.039621950532,7.426457945257425,0.696,0.246,66098.94770575067,0.0,344.63760613531167,372.39867207283726,29.903343742383086,410.09999999999997
20,500,4,FlatCCF,684.9124817077491,5.939750000834465,1.0,1.0,0.0,0.0,423.3199729294841,152.94348480966238,16.349023968602584,92.29999999999998
20,500,4,GreedyByLoad,1261.5423685733815,1.3511250726878643,0.902,0.272,81565.21062765743,0.0,334.9828922363521,440.12411724033444,43.08535909669501,443.34999999999997
20,500,4,FirstFit,788.497564163428,5.6394170969724655,0.984,0.92,19561.556193219432,0.0,414.8076429129538,203.53479870108424,22.90512254938996,147.25
20,500,4,Random,1185.2026539822396,1.762833446264267,0.896,0.2,47551.22608570459,0.0,343.0943742184745,395.6558348853514,33.552444878413596,412.9
50,50,0,Ours,121.06608452892897,2.4559171870350838,0.88,0.2,6821.7386349081935,0.0,33.495768444452835,37.30123394554338,3.919082138932784,46.35000000000001
50,50,0,NoRep,116.12777912213633,1.7595840618014336,0.86,0.14,3781.312718994794,0.0,34.38198073167257,34.13151979394695,3.714278596516811,43.9
50,50,0,NoPred,130.05373649953182,1.385584007948637,0.08,0.22,7790.903694557743,0.0,33.27297995825212,46.661310090210456,3.0694464510692705,47.050000000000004
50,50,0,NoCabin,120.96506191072312,1.708167139440775,0.96,0.2,6725.567105947067,0.0,33.45832250933749,36.83038268435534,3.626356717030301,47.05
50,50,0,NoSec,119.72266248386964,2.143209334462881,0.86,0.22,7091.412852404867,0.0,32.78264235957605,37.41089270054333,3.879127423750283,45.650000000000006
50,50,0,FlatCCF,73.62065008211749,1.8629999831318855,1.0,1.0,0.0,0.0,42.149345414779184,19.870824567808935,2.000480099529375,9.599999999999998
50,50,0,GreedyByLoad,124.25470718269212,0.6045419722795486,0.98,0.16,3810.992919036406,0.0,32.82573499780814,41.30494500541283,3.4240271794711443,46.7
50,50,0,FirstFit,105.93287969745975,0.9200419299304485,0.98,0.28,77.35973926662886,0.0,36.25089595981194,32.675147939402336,2.906835798245492,34.1
50,50,0,Random,126.50540909658876,0.47445809468626976,0.94,0.12,4388.834297004009,0.0,33.15068404456559,43.19917857645895,3.455546475564233,46.7
50,50,1,Ours,112.77393466135396,1.758791971951723,0.84,0.16,4611.629999084388,0.0,35.049710712653784,37.4424526062464,3.1317713424537916,37.150000000000006
50,50,1,NoRep,111.75451411917642,1.7315424047410488,0.86,0.14,3447.548753845158,0.0,34.78701247213279,36.37622351606215,3.091278130981502,37.5
50,50,1,NoPred,118.59957171113301,1.2156669981777668,0.08,0.18,5383.533690053739,0.0,34.95850626010146,43.10806255859031,2.3330028924412534,38.2
50,50,1,NoCabin,113.01966557543682,1.6997912898659706,0.94,0.16,4611.629999084388,0.0,35.049710712653784,37.24695680285478,3.572998059928259,37.150000000000006
50,50,1,NoSec,110.0706644859763,2.2210408933460712,0.84,0.14,3633.1434581414387,0.0,35.15042994914387,36.407732046582325,3.1125024902501006,35.4
50,50,1,FlatCCF,71.32669763408737,1.7937920056283474,1.0,1.0,0.0,0.0,42.65917683509464,19.011362680602286,1.5561581183904392,8.099999999999998
50,50,1,GreedyByLoad,114.21283078190572,0.5801660008728504,1.0,0.16,2303.5669812474507,0.0,34.93169609696986,38.86627464956047,3.6148600353754015,36.8
50,50,1,FirstFit,103.20757247518982,0.9106658399105072,0.92,0.22,61.87956340489103,0.0,36.74887370012726,32.659513842523246,2.249184932539317,31.55
50,50,1,Random,118.48751553993347,0.4852502606809139,0.94,0.1,3758.451227102747,0.0,34.57070204507531,42.023407393546954,3.693406101311196,38.2
50,50,2,Ours,110.46065307143857,1.4192918315529823,0.78,0.2,6489.594822273085,0.0,34.28672534722296,36.014868627581286,5.459059096634302,34.7
50,50,2,NoRep,107.37696732416047,1.3959999196231365,0.8,0.16,4674.612770654128,0.0,34.71113128124207,33.73122770896581,4.934608333952574,34.00000000000001
50,50,2,NoPred,117.84856111999606,1.229708082973957,0.08,0.22,7329.925076189232,0.0,34.0826894226383,44.21265675700199,4.153214940355789,35.4
50,50,2,NoCabin,110.8957283083653,1.4543752186000347,0.9,0.2,6588.137069310598,0.0,34.246145504323,35.38989699753411,6.2096858065082,35.050000000000004
50,50,2,NoSec,108.83750731390333,1.4464580453932285,0.8,0.2,6478.621906130601,0.0,34.18575425867621,35.56453756431718,5.437215490909933,33.65
50,50,2,FlatCCF,70.04718322340752,1.99487479403615,1.0,1.0,0.0,0.0,42.39884645036976,18.05682063646487,2.1915161365728806,7.399999999999998
50,50,2,GreedyByLoad,114.3706923065176,0.931084156036377,0.96,0.16,4336.20026543746,0.0,33.529321095026035,40.27543384240547,6.215937369086101,34.35000000000001
50,50,2,FirstFit,99.28871699541918,0.9656250476837158,0.94,0.24,87.92095686062899,0.0,36.700290062420464,32.49875046786737,3.0896764651313586,27.0
50,50,2,Random,114.91188322529595,0.5056671798229218,0.92,0.2,5917.816278875365,0.0,34.04077175595325,42.57828710468691,4.992824364655786,33.300000000000004
50,50,3,Ours,120.76410497048238,1.8774168565869331,0.84,0.2,6582.071277473218,0.0,34.500156428439944,36.07172604110926,2.592222500933168,47.599999999999994
50,50,3,NoRep,117.53241326611021,1.8549170345067978,0.82,0.16,5194.3319216743475,0.0,34.57186671802438,34.693870945819214,2.416675602266601,45.849999999999994
50,50,3,NoPred,127.60117166889304,1.3233749195933342,0.08,0.2,6582.071277473218,0.0,34.500156428439944,43.631159726593005,1.8698555138601025,47.599999999999994
50,50,3,NoCabin,122.20381895841234,2.145125064998865,0.94,0.22,7654.448776389938,0.0,34.37422596718989,36.99662413765803,2.8829688535643974,47.949999999999996
50,50,3,NoSec,117.28819732548115,1.7772908322513103,0.8,0.18,6265.7193588183145,0.0,34.403128243130304,35.67029133293651,2.414777749414337,44.8
50,50,3,FlatCCF,70.8318615911284,2.682541962713003,1.0,1.0,0.0,0.0,42.50358249156874,17.028300787527023,1.4999783120326355,9.799999999999997
50,50,3,GreedyByLoad,123.90368641300464,0.597749836742878,0.98,0.16,3041.510540542621,0.0,34.01929632125405,39.08772318067206,3.196666911078514,47.599999999999994
50,50,3,FirstFit,105.69326573689246,0.8415421470999718,0.94,0.26,74.77199884171253,0.0,36.85941029385192,32.17144243163052,2.3624130114100073,34.3
50,50,3,Random,130.89336546916246,0.7153330370783806,0.96,0.22,8130.064374071909,0.0,33.55192355772382,45.95897529254991,3.0824666188887413,48.3
50,50,4,Ours,128.63770888638194,1.8547088839113712,0.84,0.24,9538.056356539542,0.0,33.90408471406511,43.18020323876631,4.353420933550552,47.199999999999996
50,50,4,NoRep,122.90069572774108,1.8103751353919506,0.88,0.18,6942.262256428584,0.0,34.2240567510506,40.05468447258532,3.871954504105176,44.74999999999999
50,50,4,NoPred,136.0009076784395,1.4158752746880054,0.08,0.24,9538.056356539542,0.0,33.90408471406511,51.88765694395051,3.009166020423881,47.199999999999996
50,50,4,NoCabin,126.92078141080977,1.6629998572170734,0.94,0.22,8715.442393912828,0.0,33.876701922033575,41.99149386241636,4.202585626359813,46.849999999999994
50,50,4,NoSec,123.89754296455403,1.7953328788280487,0.86,0.2,7884.186728601471,0.0,33.7530343240755,40.96372588339518,4.0807827570833455,45.099999999999994
50,50,4,FlatCCF,77.23535285209694,2.234457992017269,1.0,1.0,0.0,0.0,42.3888367258552,23.227408247644856,2.2191078785968825,9.399999999999999
50,50,4,GreedyByLoad,127.58522166302231,0.5911248736083508,0.92,0.16,3442.254368228218,0.0,34.25586410553127,42.69304006796515,6.236317489525868,44.400000000000006
50,50,4,FirstFit,108.06086643206943,0.9003751911222935,0.96,0.22,93.84149614314211,0.0,36.45087868328568,35.422614476420115,3.337373272363633,32.85
50,50,4,Random,129.4164224893743,0.48562465235590935,0.98,0.18,5779.444772723196,0.0,33.96659076542832,45.51018836456802,4.489643359377961,45.45
50,200,0,Ours,479.14195071760315,4.895125050097704,0.865,0.18,29013.327540521906,0.0,137.36018956911812,156.2898337227398,15.841927425745261,169.64999999999998
50,200,0,NoRep,471.7022108796275,4.907750058919191,0.875,0.155,23582.919133634965,0.0,137.91029828582273,150.26803772348728,15.623874870317513,167.9
50,200,0,NoPred,510.94888201324585,4.523125011473894,0.06,0.19,30925.17940103524,0.0,136.86256716061456,189.77871886999247,13.257595982638776,171.04999999999995
50,200,0,NoCabin,482.194601091501,5.167499650269747,0.955,0.18,29062.73784320748,0.0,137.45178145535536,153.57619347001537,21.86662616613029,169.3
50,200,0,NoSec,476.209942112377,6.49075023829937,0.87,0.185,29159.08015950612,0.0,135.77395873666364,155.7500833109,15.735900064813391,168.95
50,200,0,FlatCCF,297.76046374551777,5.567582789808512,1.0,1.0,0.0,0.0,169.77249727824233,85.64396830738984,6.743998159885587,35.599999999999994
50,200,0,GreedyByLoad,522.1229692286865,1.117374747991562,0.935,0.205,30803.333700415173,0.0,133.7686666492941,186.79561163580837,28.058690943584104,173.5
50,200,0,FirstFit,350.842951909696,4.794667009264231,0.995,0.69,167.1911717578751,0.0,162.28811243631569,106.75768710768553,8.747152365694834,73.05
50,200,0,Random,498.01321011192994,2.3051658645272255,0.965,0.16,21350.110494749693,0.0,136.92921254466472,174.21499169663207,21.76900587063318,165.1
50,200,1,Ours,466.258249067003,5.310040898621082,0.82,0.155,22604.871960554767,0.0,138.49179389642867,141.26842166857318,14.69803350200122,171.8
50,200,1,NoRep,459.8755727956401,5.146583076566458,0.835,0.135,19290.644785950473,0.0,138.48970090448273,137.86355391261418,14.172317978543177,169.35000000000002
50,200,1,NoPred,493.7947904002882,4.3969592079520226,0.06,0.165,23851.337588803475,0.0,138.37245909756152,169.034038816062,12.138292486664733,174.25
50,200,1,NoCabin,467.2171960577889,4.973124712705612,0.95,0.15,21169.06549137966,0.0,138.89162929894508,138.10226441293239,18.07330234591142,172.14999999999998
50,200,1,NoSec,461.71396726308706,4.822707735002041,0.815,0.155,22657.004842054565,0.0,136.95080650882272,141.1126361945132,14.650524559751192,169.0
50,200,1,FlatCCF,293.97042454825873,6.10920786857605,1.0,1.0,0.0,0.0,170.15869295876985,79.83199708879889,7.279734500689967,36.69999999999999
50,200,1,GreedyByLoad,508.6836205360409,1.0963333770632744,0.965,0.19,23258.212084633902,0.0,135.52107705487072,172.164516381029,21.848027100141238,179.15
50,200,1,FirstFit,348.421004246281,3.9609167724847794,0.995,0.69,129.62987380099383,0.0,162.8483832620418,102.23759630122407,8.835024683015058,74.49999999999999
50,200,1,Random,481.1267342350237,1.192083116620779,0.95,0.115,12347.665482654673,0.0,138.460712064713,157.78254683220837,17.63347533810238,167.25
50,200,2,Ours,471.3973204048401,5.290500354021788,0.81,0.165,24430.871999829236,0.0,138.33184756743086,142.79476775972626,11.320705077683076,178.95
50,200,2,NoRep,464.5510336748275,4.70333406701684,0.8,0.145,20753.974780663222,0.0,138.6564010762345,138.77104654393614,10.623586054656876,176.5
50,200,2,NoPred,499.0950394230651,3.908500075340271,0.06,0.175,25502.268775828903,0.0,138.09650192163934,171.34119728077695,8.957340220648742,180.69999999999996
50,200,2,NoCabin,476.096370625125,5.364874843508005,0.93,0.175,26262.88083003967,0.0,137.9289523310033,143.82914863287436,14.33826966124737,179.99999999999997
50,200,2,NoSec,464.9936021291415,4.722957964986563,0.82,0.175,25275.866287121087,0.0,136.46440702823102,143.15448603643642,11.324709064474039,174.05
50,200,2,FlatCCF,287.84600867026654,4.960583057254553,1.0,1.0,0.0,0.0,170.1832516814801,74.42454631029099,6.038210678495519,37.199999999999996
50,200,2,GreedyByLoad,512.229591431827,1.079500187188387,0.94,0.21,27247.617938045394,0.0,134.2199862047627,172.37189464594564,17.937710581118615,187.7
50,200,2,FirstFit,354.8795227091104,4.192917142063379,0.985,0.65,1376.2814070308812,0.0,161.8919492624676,100.520249557167,7.3173238894758,85.14999999999999
50,200,2,Random,501.16266055576,1.0816669091582298,0.96,0.18,23858.411944050822,0.0,135.5502172261433,167.81622380072054,16.396219528896115,181.39999999999998
50,200,3,Ours,480.48858554130135,5.538665689527988,0.84,0.17,26155.228945377567,0.0,141.45773351063386,147.57921848674584,12.951633543921634,178.5
50,200,3,NoRep,477.45056069418365,6.049917079508305,0.84,0.165,25251.57751005549,0.0,140.59267673911214,146.8436132278119,12.91427072725958,177.09999999999997
50,200,3,NoPred,516.476538575831,3.667083103209734,0.06,0.205,30383.13501474607,0.0,140.3663324484575,181.49909465420092,10.861111473172564,183.75
50,200,3,NoCabin,483.7021180519213,6.664125248789787,0.915,0.18,27880.926500582034,0.0,140.80537241563397,147.1476468256027,16.199098810684557,179.55
50,200,3,NoSec,473.8840985213635,5.949374753981829,0.83,0.17,25558.47391502492,0.0,139.94705357230634,146.6814271596466,12.605617789410552,174.65
50,200,3,FlatCCF,304.677419470103,5.0104171968996525,1.0,1.0,0.0,0.0,171.94112748389966,89.4844155928578,6.1518763933455665,37.099999999999994
50,200,3,GreedyByLoad,530.7914664750497,1.1018747463822365,0.96,0.25,31787.546044915533,0.0,136.2885516582384,183.75110182441836,19.301812992392897,191.45
50,200,3,FirstFit,395.00975946454986,3.5532088950276375,0.985,0.63,9334.826759795156,0.0,160.81613094761457,123.10168719782001,10.641941319115253,100.44999999999999
50,200,3,Random,511.99767599107673,1.530790701508522,0.92,0.195,25773.24985991713,0.0,138.00649253382784,175.42261461161524,16.918568845633686,181.64999999999998
50,200,4,Ours,475.46259097474024,4.937500227242708,0.865,0.165,25820.32311259518,0.0,136.01817926869163,150.80579822624048,13.438613479808197,175.2
50,200,4,NoRep,470.4283578736773,4.777500405907631,0.87,0.15,23103.710183295254,0.0,136.08613608857576,148.087401817496,12.454819967605673,173.79999999999998
50,200,4,NoPred,506.7801670455378,4.078915808349848,0.06,0.175,27204.455557839996,0.0,135.65410229868735,183.39848614159916,10.777578605251287,176.95
50,200,4,NoCabin,476.6966859396148,4.975874908268452,0.935,0.165,26232.68225502299,0.0,135.87278685872784,150.46199156621807,14.81190751466892,175.54999999999998
50,200,4,NoSec,473.0543759374194,4.702291917055845,0.86,0.18,27272.4262836786,0.0,134.1172806487827,151.9355635888757,13.551531699761084,173.45
50,200,4,FlatCCF,297.4197029392486,5.053458269685507,1.0,1.0,0.0,0.0,169.14980786486285,84.41906043195496,7.250834642430846,36.599999999999994
50,200,4,GreedyByLoad,518.273558033076,1.0687909089028835,0.945,0.205,28147.206854741708,0.0,132.89126892165837,185.4734107664952,18.408878344922464,181.5
50,200,4,FirstFit,355.97182593787795,3.7714578211307526,0.995,0.68,120.89419334288118,0.0,161.41803568235284,106.90247469079435,8.701315564730773,78.94999999999999
50,200,4,Random,504.29587863084885,1.0107089765369892,0.955,0.13,19627.04281298098,0.0,134.6764770636667,175.88956382213564,17.829837745046454,175.89999999999998
50,500,0,Ours,1195.3376263776047,11.451208032667637,0.898,0.17,63250.052237432545,0.0,344.64505170844507,387.36832143140464,31.524253237754976,431.79999999999995
50,500,0,NoRep,1169.6831042479653,11.360583361238241,0.896,0.134,46425.61565049749,0.0,346.18686679534835,370.55683769914606,29.539399753471038,423.4
50,500,0,NoPred,1268.3870429932795,8.550125174224377,0.058,0.174,62931.855549759566,0.0,344.7126066274974,465.211964964903,22.462471400879124,436.0
50,500,0,NoCabin,1200.1933386111964,11.908582877367735,0.952,0.174,64220.37568826186,0.0,344.4723809742127,384.7230267477587,36.397930889225044,434.6
50,500,0,NoSec,1184.8071312033535,11.242416221648455,0.896,0.172,65207.460308577094,0.0,341.6041263119009,387.5833765050833,30.819628386369228,424.79999999999995
50,500,0,FlatCCF,711.3474754472952,12.168291956186295,1.0,1.0,0.0,0.0,424.7790285757716,182.32623794012216,14.042208931401422,90.19999999999999
50,500,0,GreedyByLoad,1317.6269706189337,2.2828751243650913,0.956,0.226,80576.82409882784,0.0,333.38204891209386,484.93812443860384,43.706797268235995,455.6
50,500,0,FirstFit,903.7710703806,10.339083150029182,0.98,0.84,33848.89018629157,0.0,405.4427228830673,277.7635991306413,25.01474836689144,195.54999999999998
50,500,0,Random,1258.8449599929263,2.33812490478158,0.952,0.156,51589.16272002666,0.0,341.4927848063826,449.3400435158854,35.512131670658235,432.5
50,500,1,Ours,1149.9581510278454,11.363334022462368,0.872,0.154,55668.64006840131,0.0,341.15273854908526,352.4886178310861,33.06679464767404,423.24999999999994
50,500,1,NoRep,1139.9258702804336,11.16845803335309,0.874,0.14,49686.13212098512,0.0,340.6197368528268,346.33408924245975,32.17204418514725,420.79999999999995
50,500,1,NoPred,1232.1167302542262,8.691708091646433,0.058,0.17,59061.48860184869,0.0,340.0915611817126,435.6654804101416,26.45968866237188,429.9
50,500,1,NoCabin,1148.6505216733312,12.067875359207392,0.95,0.152,55147.807214408596,0.0,341.5048864431767,348.5271860915742,37.118449138580374,421.5
50,500,1,NoSec,1142.556256863376,11.114291846752167,0.874,0.16,56714.67891101395,0.0,336.6587875916929,353.67285824130494,34.57461103037819,417.65
50,500,1,FlatCCF,751.4695074987563,11.836207937449217,1.0,1.0,0.0,0.0,423.26395416722016,223.42869048349584,15.076862848040408,89.69999999999999
50,500,1,GreedyByLoad,1273.0037373421324,2.6246667839586735,0.95,0.212,72745.91886537857,0.0,330.57211619555767,445.8372703257542,52.34435082082052,444.24999999999994
50,500,1,FirstFit,903.3524397959106,10.299957823008299,0.99,0.854,30196.38492523531,0.0,403.98288537693827,291.9705055961274,26.699048822845057,180.7
50,500,1,Random,1228.532392449737,2.4132919497787952,0.956,0.156,52272.26323074949,0.0,336.43349903052456,421.629319141343,41.969574277869356,428.5
50,500,2,Ours,1201.3876116430424,10.95316605642438,0.864,0.178,69623.94608626972,0.0,346.6189693203846,373.85661651976034,33.36202580289722,447.54999999999995
50,500,2,NoRep,1179.899434753428,11.109666898846626,0.874,0.146,55195.45935176486,0.0,349.39681225369685,359.41389795355445,31.938724546176864,439.15
50,500,2,NoPred,1282.8315548023947,8.974125143140554,0.058,0.178,69293.42741137979,0.0,346.7739911792436,463.6207200326854,23.836843590465712,448.6
50,500,2,NoCabin,1200.4504319616585,12.186250183731318,0.94,0.176,69275.04752853978,0.0,347.09497770341375,370.8372124672412,36.36824179100368,446.15
50,500,2,NoSec,1188.3038364730135,11.101082898676395,0.87,0.18,69666.79017562233,0.0,343.30203659916356,372.8621164853323,33.33968338851747,438.79999999999995
50,500,2,FlatCCF,724.7192898960689,12.121875304728746,1.0,1.0,0.0,0.0,426.780385166091,189.48645207570434,15.452452654273504,92.99999999999999
50,500,2,GreedyByLoad,1317.4389987626998,2.352125011384487,0.938,0.238,78673.86158724308,0.0,334.9946408078331,466.4922405061275,44.60211744873926,471.34999999999997
50,500,2,FirstFit,913.9595490841018,10.179709177464247,0.972,0.852,37473.062576542434,0.0,407.5067651690922,285.40449385988626,24.09829005512332,196.95
50,500,2,Random,1262.774180757498,2.3063751868903637,0.956,0.184,55654.68813441552,0.0,342.97678143761516,435.84151861701275,39.55588070287003,444.4
50,500,3,Ours,1148.0204431512052,11.198916006833315,0.806,0.164,57410.86994991935,0.0,345.6030742450091,348.5415191782388,33.1758497279573,420.7
50,500,3,NoRep,1126.809559402981,11.299374978989363,0.806,0.138,47928.48541671091,0.0,346.41011415010985,338.00331449752593,31.496130755345288,410.9
50,500,3,NoPred,1231.7805412840694,8.947874885052443,0.058,0.18,60930.650086794194,0.0,344.0984282003284,431.59741301442153,29.084700069319243,426.99999999999994
50,500,3,NoCabin,1147.7741492247467,11.898207943886518,0.95,0.158,55342.93541114449,0.0,346.46295080529956,342.315536479534,39.69566193991336,419.29999999999995
50,500,3,NoSec,1125.7100337730726,11.228624731302261,0.804,0.156,54615.86262837329,0.0,341.85068396595983,344.3275211255587,32.13182868155404,407.4
50,500,3,FlatCCF,729.6489155474713,12.211041990667582,1.0,1.0,0.0,0.0,424.87499936683514,200.58731285435763,16.686603326278586,87.49999999999997
50,500,3,GreedyByLoad,1286.2264132859718,2.402916084975004,0.942,0.228,73821.00552294882,0.0,333.81560072338584,450.99070018516187,56.92011237742414,444.5
50,500,3,FirstFit,911.2883817089025,10.119040962308645,0.978,0.824,29661.830274736167,0.0,405.68293792027714,279.3084986354011,36.24694515322426,190.04999999999995
50,500,3,Random,1210.007509387272,2.2694170475006104,0.954,0.158,42626.77891240921,0.0,342.8083176640788,407.36219067008176,44.38700105311125,415.44999999999993
50,500,4,Ours,1189.338077207231,10.87195798754692,0.834,0.168,64540.813817209,0.0,341.6608404899418,374.3432860615871,32.43395065570208,440.9
50,500,4,NoRep,1155.7073454287142,10.704416316002607,0.83,0.126,44123.166879128024,0.0,344.3513704577797,351.2821491368093,29.323825834125113,430.74999999999994
50,500,4,NoPred,1248.7655902987603,8.564500138163567,0.058,0.168,63857.9395401658,0.0,341.6386248963672,441.5424684479192,24.33449695447407,441.24999999999994
50,500,4,NoCabin,1189.516636823046,11.945541016757488,0.938,0.166,63265.24693854615,0.0,341.91222962729563,369.9582349878744,35.346172207875966,442.29999999999995
50,500,4,NoSec,1182.2446498794302,10.68370882421732,0.826,0.178,67357.63427649027,0.0,338.59831304477115,375.992062178922,33.054274655736876,434.6
50,500,4,FlatCCF,684.9124817077491,12.252542190253735,1.0,1.0,0.0,0.0,423.3199729294841,152.94348480966238,16.349023968602584,92.29999999999998
50,500,4,GreedyByLoad,1290.5509700042999,2.3509999737143517,0.944,0.214,75767.57591893116,0.0,331.44492876757573,453.4142560904678,45.1917851462562,460.5
50,500,4,FirstFit,878.8721780521869,10.074041783809662,0.992,0.826,33129.22811911198,0.0,403.80846960684846,252.85984935175043,23.853859093587992,198.34999999999997
50,500,4,Random,1232.8277301495796,2.330291084945202,0.938,0.128,46492.252113376366,0.0,339.8323354475216,419.2517553747928,33.89363932726509,439.8499999999999
