W,N,variant,phi_mean,phi_std,phi_rep_mean,phi_load_mean,phi_cab_mean,phi_sec_mean,solve_ms_mean,cc_mean,cl_mean,sla_mean,infeas_mean
10,50,FirstFit,86.69,3.94,40.45,26.24,2.46,17.54,0.32,0.900,0.752,1267.92,0.000
10,50,FlatCCF,72.61,2.60,42.42,19.44,1.89,8.86,0.40,1.000,1.000,0.00,0.000
10,50,GreedyByLoad,124.27,5.00,33.90,44.52,4.93,40.92,0.20,0.820,0.352,7950.87,0.000
10,50,NoCabin,113.53,5.44,35.90,36.84,3.65,37.14,0.70,0.848,0.360,5907.45,0.000
10,50,NoPred,118.51,8.11,36.07,42.17,2.79,37.49,0.65,0.260,0.356,5534.10,0.000
10,50,NoRep,109.70,5.16,36.22,34.64,2.96,35.88,0.71,0.804,0.316,3633.92,0.000
10,50,NoSec,110.38,5.05,35.66,35.98,3.21,35.53,0.74,0.792,0.352,5479.29,0.000
10,50,Ours,112.26,4.76,36.16,36.49,3.18,36.44,1.23,0.800,0.344,5266.33,0.000
10,50,Random,121.44,5.83,34.37,42.30,4.33,40.43,0.23,0.764,0.272,6122.74,0.000
10,200,FirstFit,332.41,8.37,166.46,98.97,9.49,57.50,1.07,0.974,0.915,6484.66,0.000
10,200,FlatCCF,296.33,5.49,170.24,82.76,6.69,36.64,1.24,1.000,1.000,0.00,0.000
10,200,GreedyByLoad,506.82,11.50,138.04,180.92,19.48,168.38,0.50,0.800,0.351,32772.12,0.000
10,200,NoCabin,466.47,7.92,144.93,154.58,13.99,152.98,2.35,0.815,0.329,22161.74,0.000
10,200,NoPred,485.45,7.95,144.96,173.86,10.78,155.85,2.11,0.240,0.341,24142.84,0.000
10,200,NoRep,456.63,6.41,144.65,150.26,11.68,150.04,2.28,0.717,0.306,17185.14,0.000
10,200,NoSec,455.21,7.85,142.92,153.17,12.23,146.89,2.23,0.713,0.335,22749.58,0.000
10,200,Ours,466.26,7.83,144.97,155.85,12.39,153.05,2.32,0.717,0.331,22462.48,0.000
10,200,Random,464.97,9.66,142.80,156.18,14.27,151.72,0.70,0.786,0.286,15487.88,0.000
10,500,FirstFit,762.60,17.73,420.65,209.26,19.12,113.57,2.64,0.988,0.966,8241.70,0.000
10,500,FlatCCF,720.42,21.96,424.60,189.75,15.52,90.54,2.99,1.000,1.000,0.00,0.000
10,500,GreedyByLoad,1243.48,16.83,342.33,438.39,42.93,419.82,1.03,0.786,0.355,82354.44,0.000
10,500,NoCabin,1133.47,19.99,361.63,361.62,30.93,379.29,5.71,0.805,0.324,53459.47,0.000
10,500,NoPred,1178.68,17.35,361.18,408.20,23.78,385.52,5.02,0.236,0.332,55076.61,0.000
10,500,NoRep,1105.14,17.31,361.16,348.13,25.94,369.91,5.20,0.740,0.295,38368.38,0.000
10,500,NoSec,1102.34,22.90,355.77,357.90,27.36,361.30,5.00,0.723,0.328,54288.90,0.000
10,500,Ours,1129.86,21.72,361.64,362.94,27.74,377.54,5.21,0.734,0.322,52312.49,0.000
10,500,Random,1155.68,6.91,352.53,386.67,32.57,383.91,1.56,0.788,0.274,43845.87,0.000
20,50,FirstFit,89.99,3.04,39.62,26.77,2.35,21.25,0.47,0.920,0.588,42.48,0.000
20,50,FlatCCF,72.61,2.60,42.42,19.44,1.89,8.86,0.70,1.000,1.000,0.00,0.000
20,50,GreedyByLoad,127.11,5.64,33.30,45.31,5.34,43.16,0.27,0.892,0.264,7447.46,0.000
20,50,NoCabin,116.94,4.96,34.95,37.58,3.91,40.50,0.88,0.884,0.276,6661.58,0.000
20,50,NoPred,122.26,7.71,35.03,43.82,2.84,40.57,0.81,0.160,0.276,6590.60,0.000
20,50,NoRep,112.79,5.48,35.28,35.15,3.39,38.96,0.90,0.804,0.228,4366.68,0.000
20,50,NoSec,113.36,4.61,34.72,36.53,3.50,38.61,0.92,0.780,0.260,5880.12,0.000
20,50,Ours,115.30,4.82,35.14,36.86,3.57,39.73,0.92,0.792,0.260,5868.29,0.000
20,50,Random,119.07,5.02,34.68,41.24,3.98,39.17,0.26,0.888,0.200,4472.67,0.000
20,200,FirstFit,360.46,9.88,163.02,112.48,11.91,73.04,1.82,0.969,0.842,12119.04,0.000
20,200,FlatCCF,296.33,5.49,170.24,82.76,6.69,36.64,2.13,1.000,1.000,0.00,0.000
20,200,GreedyByLoad,515.84,9.99,135.67,182.14,20.62,177.41,0.63,0.895,0.275,31351.74,0.000
20,200,NoCabin,471.48,9.23,141.21,147.77,15.80,166.70,2.99,0.888,0.235,24330.26,0.000
20,200,NoPred,498.06,6.05,141.06,177.02,11.11,168.87,2.62,0.135,0.248,25992.82,0.000
20,200,NoRep,463.02,8.98,140.84,145.36,12.64,164.18,2.94,0.815,0.216,20392.58,0.000
20,200,NoSec,462.53,9.72,138.91,148.69,12.99,161.94,2.96,0.815,0.242,24976.06,0.000
20,200,Ours,470.70,9.07,141.07,149.95,13.19,166.49,2.94,0.815,0.238,24864.63,0.000
20,200,Random,489.96,8.34,138.72,167.55,16.01,167.68,0.78,0.876,0.196,19221.17,0.000
20,500,FirstFit,806.63,14.87,416.43,230.53,22.23,137.44,4.90,0.988,0.929,16127.02,0.000
20,500,FlatCCF,720.42,21.96,424.60,189.75,15.52,90.54,5.43,1.000,1.000,0.00,0.000
20,500,GreedyByLoad,1277.00,22.83,336.26,452.71,47.21,440.82,1.36,0.894,0.281,81237.71,0.000
20,500,NoCabin,1166.28,30.46,351.15,368.40,34.26,412.47,7.42,0.900,0.229,58220.50,0.000
20,500,NoPred,1223.43,20.53,350.70,430.56,24.46,417.72,6.15,0.130,0.239,60414.68,0.000
20,500,NoRep,1139.54,30.14,351.98,355.42,28.14,404.00,6.78,0.800,0.200,44052.74,0.000
20,500,NoSec,1144.42,33.68,346.25,370.01,29.42,398.75,6.78,0.791,0.233,59729.83,0.000
20,500,Ours,1165.56,30.10,351.21,371.87,30.08,412.40,6.91,0.795,0.230,58346.00,0.000
20,500,Random,1193.67,28.80,346.36,402.29,36.40,408.62,1.82,0.894,0.206,45863.16,0.000
50,50,FirstFit,104.44,3.00,36.60,33.09,2.79,31.96,0.91,0.948,0.244,79.15,0.000
50,50,FlatCCF,72.61,2.60,42.42,19.44,1.89,8.86,2.11,1.000,1.000,0.00,0.000
50,50,GreedyByLoad,120.87,5.52,33.91,40.45,4.54,41.97,0.66,0.968,0.160,3386.91,0.000
50,50,NoCabin,118.80,5.97,34.20,37.69,4.10,42.81,1.73,0.936,0.200,6859.05,0.000
50,50,NoPred,126.02,6.93,34.14,45.90,2.89,43.09,1.31,0.080,0.212,7324.90,0.000
50,50,NoRep,115.14,5.27,34.54,35.80,3.61,41.20,1.71,0.844,0.156,4808.01,0.000
50,50,NoSec,115.96,5.73,34.05,37.20,3.78,40.92,1.88,0.832,0.188,6270.62,0.000
50,50,Ours,118.74,6.51,34.25,38.00,3.89,42.60,1.87,0.836,0.200,6808.62,0.000
50,50,Random,124.04,6.26,33.86,43.85,3.94,42.39,0.53,0.948,0.164,5594.92,0.000
50,200,FirstFit,361.03,17.21,161.85,107.90,8.85,82.42,4.05,0.991,0.668,2225.76,0.000
50,200,FlatCCF,296.33,5.49,170.24,82.76,6.69,36.64,5.34,1.000,1.000,0.00,0.000
50,200,GreedyByLoad,518.42,7.74,134.54,180.11,21.11,182.66,1.09,0.949,0.212,28248.78,0.000
50,200,NoCabin,477.18,5.80,138.19,146.62,17.06,175.31,5.43,0.937,0.170,26121.66,0.000
50,200,NoPred,505.42,8.12,137.87,179.01,11.20,177.34,4.11,0.060,0.182,27573.28,0.000
50,200,NoRep,468.80,6.06,138.35,144.37,13.16,172.93,5.12,0.844,0.150,22396.57,0.000
50,200,NoSec,469.97,5.60,136.65,147.73,13.57,172.02,5.34,0.839,0.173,25984.57,0.000
50,200,Ours,474.55,5.21,138.33,147.75,13.65,174.82,5.19,0.840,0.167,25604.92,0.000
50,200,Random,499.32,10.21,136.72,170.23,18.11,174.26,1.42,0.950,0.156,20591.30,0.000
50,500,FirstFit,902.25,12.40,405.28,277.46,27.18,192.32,10.20,0.982,0.839,32861.88,0.000
50,500,FlatCCF,720.42,21.96,424.60,189.75,15.52,90.54,12.12,1.000,1.000,0.00,0.000
50,500,GreedyByLoad,1296.97,17.76,332.84,460.33,48.55,455.24,2.40,0.946,0.224,76317.04,0.000
50,500,NoCabin,1177.32,24.09,344.29,363.27,36.99,432.77,12.00,0.946,0.165,61450.28,0.000
50,500,NoPred,1252.78,20.15,343.46,447.53,25.24,436.55,8.75,0.058,0.174,63215.07,0.000
50,500,NoRep,1154.41,19.27,345.39,353.12,30.89,425.00,11.13,0.856,0.137,48671.77,0.000
50,500,NoSec,1164.72,25.61,340.40,366.89,32.78,424.65,11.07,0.854,0.169,62712.49,0.000
50,500,Ours,1176.81,23.04,343.94,367.32,32.71,432.84,11.17,0.855,0.167,62098.86,0.000
50,500,Random,1238.60,19.73,340.71,426.68,39.06,432.14,2.33,0.951,0.156,49727.03,0.000
